{"initial_reset_timestamp": 1569854017.098647, "timestamps": [1569854025.4462001], "episode_lengths": [200], "episode_rewards": [200.0], "episode_types": ["t"]}